Name,Building,Type,address,Location,Google map link,Phone number,Day of the week,Open/Close,Start time,End time,Dine-in,Takeout,Delivery,Rating,Reviews,Menu ( photo),Menu (list),Number of items,Name of Food,Price,Inside,Website
A Fresh Sushi,University of Utah Hispital,Food court,"50 Medical Dr N, Salt Lake City, UT 84132","40.77172892172859, -111.83674656771453","https://www.google.com/maps/place/A+Fresh+Sushi/@40.7713016,-111.8378798,19.5z/data=!4m9!1m2!2m1!1srestaurant+university+of+utah!3m5!1s0x87525f4817599409:0xa030c73d1b7a7e08!8m2!3d40.7716888!4d-111.8367368!15sCh1yZXN0YXVyYW50IHVuaXZlcnNpdHkgb2YgdXRhaFofIh1yZXN0YXVyYW50IHVuaXZlcnNpdHkgb2YgdXRhaJIBCmZvb2RfY291cnTgAQA",801-558-8365,Sunday,Open,8:00 AM,8:00:00 PM,No,Yes,No,4.9,"https://www.google.com/maps/place/A+Fresh+Sushi/@40.7713016,-111.8378798,19.5z/data=!4m11!1m2!2m1!1srestaurant+university+of+utah!3m7!1s0x87525f4817599409:0xa030c73d1b7a7e08!8m2!3d40.7716888!4d-111.8367368!9m1!1b1!15sCh1yZXN0YXVyYW50IHVuaXZlcnNpdHkgb2YgdXRhaFofIh1yZXN0YXVyYW50IHVuaXZlcnNpdHkgb2YgdXRhaJIBCmZvb2RfY291cnTgAQA",No Menu,,,,,,https://a-fresh-sushi.business.site/?utm_source=gmb&utm_medium=referral
,,,,,,,Monday,Open,6:30 AM,10:00 PM,,,,,,,,,,,,
,,,,,,,Tuesday,Open,6:30 AM,10:00 PM,,,,,,,,,,,,
,,,,,,,Wednesday,Open,6:30 AM,10:00 PM,,,,,,,,,,,,
,,,,,,,Thursday,Open,6:30 AM,10:00 PM,,,,,,,,,,,,
,,,,,,,Friday,Open,6:30 AM,10:00 PM,,,,,,,,,,,,
,,,,,,,Saturday,Open,8:00 AM,8:00 PM,,,,,,,,,,,,
,,,,,,,,,,,,,,,,,,,,,,
,,,,,,,,,,,,,,,,,,,,,,
