Name,Building,Type,address,Location,Google map link,Phone number,Day of the week,Open/Close,Start time,End time,Dine-in,Takeout,Delivery,Rating,Reviews,Menu ( photo),Menu (list),Number of items,Name of Food,Price,Inside,Website
Counsel ,LAW,Caf�,"383 South University St E, Salt Lake City, UT 84112","40.76130233975598, -111.85128812869259","https://www.google.com/maps/place/Counsel+Cafe/@40.7611032,-111.8535465,17z/data=!4m5!3m4!1s0x87525f8b4c6e0ed9:0xb9f4e81b6118cce!8m2!3d40.7610994!4d-111.8512583",No number,Sunday,Closed,,,Yes,Yes,No,4.5,"https://www.google.com/maps/place/Two+Creek+Coffee+House/@40.7665334,-111.8477138,19.75z/data=!4m7!3m6!1s0x875271d605556b13:0x46d01e9d0733b4e6!8m2!3d40.7664888!4d-111.8477119!9m1!1b1",https://www.twocreekcoffee.com/menu.html,Espresso,4,Espresso,"{2,2.25}",Single / Double,https://www.twocreekcoffee.com/
,,,,,,,Monday,Open,8:00 AM,5:00 PM,,,,,,,,,Espresso Macchiato,"{3.25,3.75}",espresso topped with milk foam,
,,,,,,,Tuesday,Open,8:00 AM,5:00 PM,,,,,,,,,Cappuccino,"{3.50,4.00}",espresso combined with velvety steamed milk,
,,,,,,,Wednesday,Open,8:00 AM,5:00 PM,,,,,,,,,Latte,"{4.00, 4.75,5.25}",espresso combined with milk,
,,,,,,,Thursday,Open,8:00 AM,5:00 PM,,,,,,,Mochas,4,Milk Chocolate,"{4.25,4.75,5.25}",milk chocolate combined with espresso and milk,
,,,,,,,Friday,Open,8:00 AM,5:00 PM,,,,,,,,,White Chocolate,"{4.25,4.75,5.25}",white chocolate combined with espresso and milk,
,,,,,,,Saturday,Closed,,,,,,,,,,,Mexican Mocha,"{4.25,4.75,5.25}","milk chocolate spiced with cinnamon, nutmeg, and ginger, combined with espresso and milk",
,,,,,,,,,,,,,,,,,,,Valrohna Mocha,"{4.25,4.75,5.25}","pure, unsweetened valrhna chocolate, combined with espresso and milk",
,,,,,,,,,,,,,,,,,Coffee,4,Drip Coffee,"{2.25, 2.75}",house or rotating blend ,
,,,,,,,,,,,,,,,,,,,Iced Coffee,"{2.25, 2.75}",toddy brewed coffee poured over ice,
,,,,,,,,,,,,,,,,,,,Caf� au Lait,"{ 3.50, 4.00}",drip coffee combined with steamed milk,
,,,,,,,,,,,,,,,,,,,Shot in the Dark,"{3.00, 3.25,4.00}",drip coffee combined with a shot of espresso,
,,,,,,,,,,,,,,,,,Loose Leaf Teas,4,Black Teas,"{2.00,2.75,3.00}","earl gray, chinese breakfast, vanilla bean, golden yunnan, coconut oolong",
,,,,,,,,,,,,,,,,,,,Herbal ,"{2.00,2.75,3.00}","genmaicha, magreb mint, jade cloud, jasmine pearl",
,,,,,,,,,,,,,,,,,,,Green Teas,"{2.00,2.75,3.00}","white rose, yerba mate, blueberry rooibos, chamomile, ginger lime rooibos, peppermint, tangerine ginger, peach blossom",
,,,,,,,,,,,,,,,,,,,Tea Latte,"{3.50, 4.25, 4.75}",choice of above listed tea combined with steamed milk,
,,,,,,,,,,,,,,,,,Two Creek House Specials,3,Honey Lavender Latte,"{4.25,4.75,5.25}",honey and lavender combined with espresso and milk.,
,,,,,,,,,,,,,,,,,,,Beehive Latte,"{4.25,4.75,5.25}","hazelnut latte combined with espresso and milk, topped with a honey drizzle.",
,,,,,,,,,,,,,,,,,,,Caramel Macciato ,"{4.25,4.75,5.25}",Vanilla and Caramel combined with espresso and milk,
,,,,,,,,,,,,,,,,,Smoothies,4,Tropical Harmony,5.5,20 Oz,
,,,,,,,,,,,,,,,,,,,Triple Berry,5.5,20 Oz,
,,,,,,,,,,,,,,,,,,,Perfectly Peach,5.5,20 Oz,
,,,,,,,,,,,,,,,,,,,Mango,5.5,20 Oz,
,,,,,,,,,,,,,,,,,Without Coffee,7,Matcha Latte,"{4.00,5.00,5.50}","highly caffeinated, earthy, full bodied green tea, sweetened to taste and combined with milk",
,,,,,,,,,,,,,,,,,,,Hot Chocolate,"{3.50, 4.25,4.75}","choice of milk chocolate, white chocolate, mexican chocolate, or valrhona chocolate combined with milk",
,,,,,,,,,,,,,,,,,,,Chai Tea Latte,"{3.50, 4.25,4.75}",spiced black tea combined with milk ,
,,,,,,,,,,,,,,,,,,,Italian Soda,"{2.00,2.75,3.00}",choice of syrup flavor combined with club soda and optional splash of cream,
,,,,,,,,,,,,,,,,,,,Organic Lemonade,"{3.25, 3.5,3.75}",,
,,,,,,,,,,,,,,,,,,,Iced Tea,"{2.00, 2.75, 3.00}",choice of classic black or citrus green tea served over ice,
,,,,,,,,,,,,,,,,,,,Arnold Palmer,"{3.25, 3.5,3.75}",balanced and refreshing combination of lemonade and iced tea,
