Name,Building,Type,address,Location,Google map link,Phone number,Day of the week,Open/Close,Start time,End time,Dine-in,Takeout,Delivery,Rating,Reviews,Menu ( photo),Menu (list),Number of items,Name of Food,Price,Inside,Website
Crimson View,Union,Chinese,"200 S, Central Campus Dr, Salt Lake City, UT 84112","40.76531987936258, -111.84659013866347","https://www.google.com/maps/place/Crimson+View+Fine+Dining+Restaurant/@40.7651045,-111.8490309,17z/data=!4m5!3m4!1s0x87525f8dbbf226d1:0xc8f69198fb7f5939!8m2!3d40.7651075!4d-111.8465266",8015818191,Sunday,Closed,,,Yes,Yes,No,4.1,"https://www.google.com/maps/place/Crimson+View+Fine+Dining+Restaurant/@40.7651045,-111.8490309,17z/data=!4m7!3m6!1s0x87525f8dbbf226d1:0xc8f69198fb7f5939!8m2!3d40.7651075!4d-111.8465266!9m1!1b1",http://places.singleplatform.com/crimson-view/menu?ref=google,Burger and Sandwiches,15,Classic Burger with Mixed Greens,11.39,"1/3 lb beef patty with lettuce, tomato, onion, pickle spear, and choice of Swiss, cheddar, or provolone on a brioche bun",
,,,,,,,Monday,Open,10:30 AM,2:30 PM,,,,,,,,,Classic Burger with Fries,11.39,"1/3 lb beef patty with lettuce, tomato, onion, pickle spear, and choice of Swiss, cheddar, or provolone on a brioche bun",
,,,,,,,Tuesday,Open,10:30 AM,2:30 PM,,,,,,,,,Veggie Burger with Mixed Greens,11.19,"House-recipe veggie patty, grilled to perfection. Served on a whole wheat bun with lettuce, tomato, onion, pickle spear, and choice of Swiss, cheddar, provolone, or a no-cheese vegan option.",
,,,,,,,Wednesday,Open,10:30 AM,2:30 PM,,,,,,,,,Veggie Burger with Fries,11.19,"House-recipe veggie patty, grilled to perfection. Served on a whole wheat bun with lettuce, tomato, onion, pickle spear, and choice of Swiss, cheddar, provolone, or a no-cheese vegan option.",
,,,,,,,Thursday,Open,10:30 AM,2:30 PM,,,,,,,,,French Dip with Mixed Greens,11.39,"Shaved Prime beef and melted provolone cheese on a toasted French hoagie, topped with roasted garlic aioli. Served with side salad",
,,,,,,,Friday,Closed,10:30 AM,2:30 PM,,,,,,,,,French Dip with Fries,11.39,,
,,,,,,,Saturday,Closed,,,,,,,,,,,Grilled Cheese & Tomato Soup,9.49,"Sliced artisan bread with aged cheddar and havarti cheese, fresh off grill. Served with our house made tomato basil bisque",
,,,,,,,,,,,,,,,,,,,Fried Chicken Tenders with Fries,8.59,3 Hand breaded chicken tenders served with French fries,
,,,,,,,,,,,,,,,,,,,Fried Chicken Tenders with side salad,8.59,3 Hand breaded chicken tenders served with side salad,
,,,,,,,,,,,,,,,,,,,Caprese Panini with Fries,7.29,"Roma tomatoes, basil, mozzarella with a balsamic glaze reduction. Served with French Fries",
,,,,,,,,,,,,,,,,,,,Caprese Panini witth side of salad,7.29,"Roma tomatoes, basil, mozzarella with a balsamic glaze reduction. Served with side of salad",
,,,,,,,,,,,,,,,,,,,Ham and Cheese Panini with Fries,7.49,"Classic ham and cheese melt, served with French fries",
,,,,,,,,,,,,,,,,,,,Ham and Cheese Panini with side salad,7.49,"Classic ham and cheese melt, served with side of salad",
,,,,,,,,,,,,,,,,,,,Mushroom and Goat Cheese Panini with French fries,7.49,"Roasted Crimini mushrooms, red peppers, arugula, drizzled with balsamic vinegar. Served with French fries",
,,,,,,,,,,,,,,,,,,,Mushroom and Goat Cheese Panini with side of salad,7.49,"Roasted Crimini mushrooms, red peppers, arugula, drizzled with balsamic vinegar. Served with side of salad",
,,,,,,,,,,,,,,,,,Entrees,1,Chicken Fried Steak,11.99,"Served with mashed potatoes, green beans, and smothered in our house gravy",
,,,,,,,,,,,,,,,,,Pastas,2,Cajun Pasta,14.99,"Farfalle pasta tossed with andouille sausage, shrimp, red bell peppers, red onions, and garlic in a Cajun cream sauce. Served with garlic bread.",
,,,,,,,,,,,,,,,,,,,Vegetable Lasagna,7.09,Veggie lasagna with a creamy cheese sauce and side of garlic bread,
,,,,,,,,,,,,,,,,,Salads,5,Caesar Salad,8.29,"Romaine lettuce wit Caesar dressing, parmesan cheese, and house made croutons",
,,,,,,,,,,,,,,,,,,,Vegan Caesar Salad,8.29,"Romine lettuce with our vegan Parmesan, vegan Caesar dressing, and vegan croutons",
,,,,,,,,,,,,,,,,,,,Garden Salad,4.99,"Romaine Lettuce, diced tomatoes, cucumber, shredded carrots, and choice of dressing",
,,,,,,,,,,,,,,,,,,,Cobb Salad,8.19,"Classic Cobb salad with romaine lettuce, diced tomatoes, avocado, egg, bacon, blue cheese crumbles, and your choice of dressing",
,,,,,,,,,,,,,,,,,,,Greek Salad,8.19,"Made with romaine lettuce, diced cucumber, slivered red onion, sliced kalamata olives, diced tomatoes. Topped with feta cheese and your choice of dressing",
,,,,,,,,,,,,,,,,,Sides,2,French Fries,3.69,,
,,,,,,,,,,,,,,,,,,,Garlic Bread,2.29,,
