Name,Building,Type,address,Location,Google map link,Phone number,Day of the week,Open/Close,Start time,End time,Dine-in,Takeout,Delivery,Rating,Reviews,Menu ( photo),Menu (list),Number of items,Name of Food,Price,Inside,Website
Cross Roads Bistro,Union,No type,"200 S, Central Campus Dr, Salt Lake City, UT 84112","40.76518301359109, -111.84614671278007","https://www.google.com/maps/place/A.+Ray+Olpin+Student+Union/@40.7649677,-111.8506367,17z/data=!3m1!4b1!4m5!3m4!1s0x87525f8d83aa5531:0xdb3441428b191c9e!8m2!3d40.7649637!4d-111.8461467",No number,Sunday,Closed,,,Yes,Yes,No,No rating,No reviews,No photo,Sandwiches,5,Italian Sub,5.99,"Salami, ham and provolone cheese with lettuce, tomato, onion & mayo on a hoagie roll",No website
,,,,,,,Monday,Open,10:30 AM,2:15 PM,,,,,,,,,Spicy chipotle chicken Sub,5.99,"Grilled chicken breast, pico de gallo, pepperjack, and chipotle mayo with lettuce, tomato, & onion on a hoagie roll",
,,,,,,,Tuesday,Open,10:30 AM,2:15 PM,,,,,,,,,Vegan Hummus Sandwich,5.79,"Hummus, roasted zucchini and squash, roasted red pepper, spinach, balsamic & oil with tomato and onion on your choice of bread",
,,,,,,,Wednesday,Open,10:30 AM,2:15 PM,,,,,,,,,Grilled Cheese,5.69,American & cheddar cheese melted together on your choice of bread,
,,,,,,,Thursday,Open,10:30 AM,2:15 PM,,,,,,,,,BYO Sandwich,5.99,"Choice of bread, meat, veggies, and cheese",
,,,,,,,Friday,Open,10:30 AM,2:15 PM,,,,,,,Beverages,7,Aquafina,2.09,20 Oz,
,,,,,,,Saturday,Closed,,,,,,,,,,,Pepsi,2.09,20 Oz,
,,,,,,,,,,,,,,,,,,,Coke,2.09,20 Oz,
,,,,,,,,,,,,,,,,,,,Dr Pepper,2.09,20 Oz,
,,,,,,,,,,,,,,,,,,,Mtn Dew,2.09,20 Oz,
,,,,,,,,,,,,,,,,,,,Propel Water,1.99,,
,,,,,,,,,,,,,,,,,,,Fountain Drink,1.49,,
