Name,Building,Type,address,Location,Google map link,Phone number,Day of the week,Open/Close,Start time,End time,Dine-in,Takeout,Delivery,Rating,Reviews,Menu ( photo),Menu (list),Number of items,Name of Food,Price,Inside,Website
Einstein Bros. Bagels,Union,Bagel shop,"200 Central Campus Dr, Salt Lake City, UT 84112","40.76520560969112, -111.84613317045086","https://www.google.com/maps/place/Einstein+Bros.+Bagels/@40.7650228,-111.8506017,17z/data=!3m1!4b1!4m5!3m4!1s0x87525f8d83abaeed:0x9867f2f9e10ea501!8m2!3d40.7650188!4d-111.8461117",8015817257,Sunday,Closed,,,Yes,Yes,No,2.6,"https://www.google.com/maps/place/Einstein+Bros.+Bagels/@40.7650228,-111.8506017,17z/data=!4m7!3m6!1s0x87525f8d83abaeed:0x9867f2f9e10ea501!8m2!3d40.7650188!4d-111.8461117!9m1!1b1",http://www.einsteinbros.com/menu/bagels-and-shmear,Fresh Baked Bagels,5,Bagel with Butter,3.08,,https://www.einsteinbros.com/menu/
,,,,,,,Monday,Open,7:30 AM,2:30 PM,,,,,,,,,Bagel with Shmear & Toppings,1.49,,
,,,,,,,Tuesday,Open,7:30 AM,2:30 PM,,,,,,,,,Single Bagel,1.99,,
,,,,,,,Wednesday,Open,7:30 AM,2:30 PM,,,,,,,,,Avocado Toast,3.79,Smashed Avocado with Salt & Pepper on a Toasted Bagel of choice,
,,,,,,,Thursday,Open,7:30 AM,2:30 PM,,,,,,,,,Bagel with Shmear,3.69,,
,,,,,,,Friday,Open,7:30 AM,2:30 PM,,,,,,,Bagel Box,4,Half Dozen Box (1 Shmear Tub),9.49,6 bagels with 1 tub of shmear.,
,,,,,,,Saturday,Closed,,,,,,,,,,,Dozen Box (2 Shmear Tubs),15.99,12 bagels with 2 tubs of shmear.,
,,,,,,,,,,,,,,,,,,,Half Dozen Box,6.99,6 bagels,
,,,,,,,,,,,,,,,,,,,Dozen Box,11.49,12 bagels,
,,,,,,,,,,,,,,,,,Blended Coffee,1,Caribou Cooler,4.99,Frozen Coffee with your choice of flavor,
,,,,,,,,,,,,,,,,,Coffee Classics,7,Mocha,4.79,"Steamed milk and espresso dark chocolate, milk chocolate, white chocolate. Topped with whipped cream",
,,,,,,,,,,,,,,,,,,,Americano,3.09,,
,,,,,,,,,,,,,,,,,,,Espresso (16oz/3shots),1.79,,
,,,,,,,,,,,,,,,,,,,Latte,3.99,"Espresso, steam milk, topped with foam",
,,,,,,,,,,,,,,,,,,,Cappuccino,3.99,"Espresso, little bit of steamed milk, topped with foam",
,,,,,,,,,,,,,,,,,,,Hot Chocolate,3.59,"Steamed milk and your choice of chocolate: dark chocolate, milk chocolate, white chocolate. Topped with whipped cream",
,,,,,,,,,,,,,,,,,,,Chai Tea Latte,4.49,Steamed milk is combined with black tea embellished with a dynamic blend of sweet and spice,
,,,,,,,,,,,,,,,,,Coffee & More,4,Coffee of the Day,2.49,,
,,,,,,,,,,,,,,,,,,,Cold Brew,3.19,,
,,,,,,,,,,,,,,,,,,,Hot Chocolate,3.59,"Go ahead, we won�t tell a soul! Nothing comforts like a Hot Chocolate. As cozy as your favorite slippers, every Hot Chocolate is made to order � pick your favorite chocolate (milk or white), then top it off with whipped cream. Allergy Alert: diary, soy",
,,,,,,,,,,,,,,,,,,,Cold Brew Shakes,4.79,,
,,,,,,,,,,,,,,,,,Hot Sandwiches,6,Cheese Pizza Bagel,4.09,"Plain Bagel topped with blend of mozzarella, provolone and cheddar and a smidge of pizza sauce and our Italian cheese trio of asiago, parmesan and Romano.",
,,,,,,,,,,,,,,,,,,,Pepperoni Pizza Bagel,4.55,"Plain Bagel topped with pepperoni, blend of mozzarella, provolone and cheddar and a smidge of pizza sauce and our Italian cheese trio of asiago, parmesan and Romano.",
,,,,,,,,,,,,,,,,,,,Pepperoni Chicken,6.99,"Ciabatta, Swiss, Pepperoni, Asiago Cheese, Chicken, Roasted Tomato Sauce, Spinach",
,,,,,,,,,,,,,,,,,,,Spicy Chicken,6.99,"Bacon, Cheddar, Jalapenos, Red Onion, Jalapeno Salsa Schmear on Toasted Ciabatta",
,,,,,,,,,,,,,,,,,,,Tasty Turkey,7.19,"Roasted turkey, spinach, cucumber, lettuce, tomato with onion & chive shmear on an Asiago bagel",
,,,,,,,,,,,,,,,,,,,Turkey Bacon Avocado,7.59,"Roasted turkey, bacon, avocado, lettuce, tomato with roasted tomato spread on toasted ciabatta",
,,,,,,,,,,,,,,,,,Beverages,2,Aquafina,1.79,20 Oz,
,,,,,,,,,,,,,,,,,,,LifeWtr,2.59,,
,,,,,,,,,,,,,,,,,Deli Sandwiches,2,Nova Lox,7.99,"Nova Lox, Red Onion, Capers, Tomato with Plain Shmear on a Plain Bagel",
,,,,,,,,,,,,,,,,,,,Avocado Veg Out Sandwich,6.79,"Avocado, Spinach, Cucumbers, Lettuce, Tomato, Red Onion, with Garden Veggie Cream Cheese on Sesame Bagel",
,,,,,,,,,,,,,,,,,Egg Sandwiches,6,Applewood Bacon and Cheddar,5.59,"A cage-free egg is topped with thick-sliced, Applewood-smoked bacon , and melted-n cheddar cheese served on a plain bagel",
,,,,,,,,,,,,,,,,,,,"Bacon, Avocado & Tomato",5.89,"Egg White, Applewood Bacon, Avocado & Tomato, Roasted Tomato Spread on a Plain Thintastic Bagel",
,,,,,,,,,,,,,,,,,,,Cheddar Cheese,5.49,A cage-free egg and melted cheddar cheese on a plain bagel,
,,,,,,,,,,,,,,,,,,,Farmhouse,6.29,"Cage-free eggs, thick-cut bacon, smoked ham and cheddar cheese, with country pepper shmear",
,,,,,,,,,,,,,,,,,,,Ham & Swiss with Egg,5.89,"A cage-free egg, sliced ham and melted Swiss cheese",
,,,,,,,,,,,,,,,,,,,Turkey Sausage & Cheddar,5.89,Savory turkey sausage with a slice cheddar cheese on an Asiago Bagel,
