Name,Building,Type,address,Location,Google map link,Phone number,Day of the week,Open/Close,Start time,End time,Dine-in,Takeout,Delivery,Rating,Reviews,Menu ( photo),Menu (list),Number of items,Name of Food,Price,Inside,Website
Jamba Juice,Union,Juice shop,"200 Central Campus Dr, Salt Lake City, UT 84112","40.7651749538791, -111.8461252440339","https://www.google.com/maps/place/Jamba/@40.7649677,-111.8483407,17z/data=!3m1!4b1!4m5!3m4!1s0x87525f8d89cf212d:0xa9794ee1168c6dae!8m2!3d40.7649637!4d-111.8461467",8015817257,Sunday,Closed,,,Yes,Yes,Yes,3.8,"https://www.google.com/maps/place/Jamba/@40.7649677,-111.8483407,17z/data=!4m7!3m6!1s0x87525f8d89cf212d:0xa9794ee1168c6dae!8m2!3d40.7649637!4d-111.8461467!9m1!1b1",https://www.jamba.com/menu?rid=1248?utm_source=google&utm_medium=organic&utm_campaign=menu,Classic Smoothies,10,Aloha Pineapple,4.94,"Pineapple juice, pineapple sherbet, strawberry, banana, nonfat Greek yogurt",https://www.jamba.com/menu?rid=1248?utm_source=google&utm_medium=organic&utm_campaign=menu
,,,,,,,Monday,Open,7:00 AM,7:00 PM,,,,,,,,,Caribbean Passion,4.94,"passion fruit mango juice blend, orange sherbet, strawberries, peaches",
,,,,,,,Tuesday,Open,7:00 AM,7:00 PM,,,,,,,,,Mango-A-Go-Go,4.94,"passion fruit mango juice blend, mangos, pineapple sherbet",
,,,,,,,Wednesday,Open,7:00 AM,7:00 PM,,,,,,,,,Matcha Green Tea Blast,5.74,"soymilk, fat free vanilla frozen yogurt, matcha green tea,",
,,,,,,,Thursday,Open,7:00 AM,7:00 PM,,,,,,,,,Orange Dream Machine,5.74,"orange juice, orange sherbet, soymilk, fat free vanilla frozen yogurt",
,,,,,,,Friday,Open,7:00 AM,5:00 PM,,,,,,,,,Peanut Butter Moo'd,5.74,"fat free vanilla frozen yogurt, chocolate moo'd dairy base, soymilk, bananas, peanut butter",
,,,,,,,Saturday,Closed,,,,,,,,,,,Razzmatazz,4.94,"mixed berry juice blend, orange sherbet, strawberries, bananas",
,,,,,,,,,,,,,,,,,,,Strawberries Wild,5.74,"apple strawberry juice blend, fat free vanilla frozen yogurt, strawberries, bananas",
,,,,,,,,,,,,,,,,,,,Strawberry Surf Rider,4.94,"lemonade, lime sherbet, strawberries, peaches",
,,,,,,,,,,,,,,,,,,,White Gummi,5.74,"peach juice blend, pineapple sherbet, soymilk, lime sherbet, orange sherbet, mangos, raspberry sherbet",
,,,,,,,,,,,,,,,,,Power Smoothies,7,Acai Super Antioxidant,5.74,"soymilk, acai blend, strawberries, blueberries, raspberry sherbet, daily vitamin, zinc boost",
,,,,,,,,,,,,,,,,,,,Orange C Booster,5.74,"orange juice, orange sherbet, peaches, bananas, daily vitamin, and zinc boost",
,,,,,,,,,,,,,,,,,,,PB + Banana Protein,5.74,"reduced fat milk, bananas, peanut butter, whey protein, honey",
,,,,,,,,,,,,,,,,,,,PB + Chocolate Love,5.74,"chocolate moo'd dairy base, reduced fat milk, bananas, peanut butter",
,,,,,,,,,,,,,,,,,,,Protein Berry Workout with Soy Protein,5.74,"soymilk, strawberries, bananas, soy protein",
,,,,,,,,,,,,,,,,,,,Protein Berry Workout with Whey Protein,5.74,"soymilk, strawberries, bananas, soy protein",
,,,,,,,,,,,,,,,,,,,Protein Berry Workout with Soy Protein,5.74,"soymilk, strawberries, bananas, soy protein",
,,,,,,,,,,,,,,,,,Blissful Bowls & Oatmeal,4,Acai Primo,7.74,"strawberries, acai blend, blueberries, soymilk, bananas, topped with bananas, organic granola, honey, shredded coconut",
,,,,,,,,,,,,,,,,,,,Chunky Strawberry,7.74,"strawberries, soymilk, bananas, nonfat Greek yogurt, organic granola, peanut btter, topped with bananas and organic granola",
,,,,,,,,,,,,,,,,,,,Island Pitaya,7.74,"pineapple juice, pitayas, mangos, pineapples, bananas, chia seeds, topped with bananas, organic granola, honey, and shredded coconut",
,,,,,,,,,,,,,,,,,,,Vanilla Blue Sky,7.74,"unsweetened almond milk, vanilla coconut milk, bananas, pineapples, blue spirulina boost, topped with organic granola, goji berries, sliced almonds, and coconut chips",
,,,,,,,,,,,,,,,,,,,,,,
,,,,,,,,,,,,,,,,,,,,,,
,,,,,,,,,,,,,,,,,,,,,,
,,,,,,,,,,,,,,,,,,,,,,
,,,,,,,,,,,,,,,,,,,,,,
,,,,,,,,,,,,,,,,,,,,,,
,,,,,,,,,,,,,,,,,,,,,,
