Name,Building,Type,address,Location,Google map link,Phone number,Day of the week,Open/Close,Start time,End time,Dine-in,Takeout,Delivery,Rating,Reviews,Menu ( photo),Menu (list),Number of items,Name of Food,Price,Inside,Website
Kahlert - 500 Degrees,Peterson Heritage Center,,"265 1850 E, Salt Lake City, UT 84112","40.76350110687092, -111.83774493053997","https://www.google.com/maps/place/Kahlert+Village/@40.7633101,-111.8399282,17z/data=!3m1!4b1!4m5!3m4!1s0x87525f1c4f3a1ebd:0x89477a3e7130c95e!8m2!3d40.7633061!4d-111.8377342",,Sunday,Closed,,,Yes,No,No,No Rating,,,Pizza,3,Cheese Pizza served with a side of mix salad,8.49,Two slices of cheese pizza served with a side of mix salad,No website
,,,,,,,Monday,Open,11:00 AM,7:45 PM,,,,,,,,,Pepperoni Pizza served with a side of mix salad,8.99,Two slices of pepperoni pizza served with a side of mix salad,
,,,,,,,Tuesday,Open,11:00 AM,7:45 PM,,,,,,,,,Vegan Pizza served with a side of mix salad,8.99,Two slices of vegan pizza with a side of mix salad,
,,,,,,,Wednesday,Open,11:00 AM,7:45 PM,,,,,,,,,,,,
,,,,,,,Thursday,Open,11:00 AM,7:45 PM,,,,,,,,,,,,
,,,,,,,Friday,Open,11:00 AM,7:45 PM,,,,,,,,,,,,
,,,,,,,Saturday,Closed,,,,,,,,,,,,,,
