Name,Building,Type,address,Location,Google map link,Phone number,Day of the week,Open/Close,Start time,End time,Dine-in,Takeout,Delivery,Rating,Reviews,Menu ( photo),Menu (list),Number of items,Name of Food,Price,Inside,Website
Market,Marriot Library,Caf�,"295 S Campus Dr Salt Lake City, Salt Lake City, UT 84112","40.762920742351874, -111.84644929743916","https://www.google.com/maps/place/Market+-+Marriott+Library/@40.7627298,-111.8509822,17z/data=!3m1!4b1!4m5!3m4!1s0x87525f8d391c00a9:0xbd658ded5a39ef6a!8m2!3d40.7627258!4d-111.8464922",8015879759,Sunday,Closed,,,Yes,Yes,No,2.8,"https://www.google.com/maps/place/Market+-+Marriott+Library/@40.7627298,-111.8509822,17z/data=!4m7!3m6!1s0x87525f8d391c00a9:0xbd658ded5a39ef6a!8m2!3d40.7627258!4d-111.8464922!9m1!1b1",No photo,Hot Espresso Drinks,10,White Chocolate Mocha,4.99,,No website
,,,,,,,Monday,Open,8:00 AM,6:00 PM,,,,,,,,,Caramel Macchiato,4.49,,
,,,,,,,Tuesday,Open,8:00 AM,6:00 PM,,,,,,,,,Cafe Mocha,4.29,,
,,,,,,,Wednesday,Open,8:00 AM,6:00 PM,,,,,,,,,Cappuccino,3.79,,
,,,,,,,Thursday,Open,8:00 AM,6:00 PM,,,,,,,,,Cafe Latte,3.79,,
,,,,,,,Friday,Open,8:00 AM,2:30 PM,,,,,,,,,Cafe Americano,3.29,,
,,,,,,,Saturday,Closed,,,,,,,,,,,Espresso,2.49,,
,,,,,,,,,,,,,,,,,,,Hot Cocoa,3.29,,
,,,,,,,,,,,,,,,,,,,Chai Tea Latte,4.29,,
,,,,,,,,,,,,,,,,,,,Brewed Coffee,1.99,,
,,,,,,,,,,,,,,,,,Iced Espresso Drinks,6,Iced Coffee,3.49,,
,,,,,,,,,,,,,,,,,,,Iced White Chocolate Mocha,3.99,,
,,,,,,,,,,,,,,,,,,,Iced Caramel Latte,4.59,,
,,,,,,,,,,,,,,,,,,,Iced Cafe Mocha,4.29,,
,,,,,,,,,,,,,,,,,,,Iced Cafe Latte,3.79,,
,,,,,,,,,,,,,,,,,,,Iced Chai Tea Latte,4.29,,
