Name,Building,Type,address,Location,Google map link,Phone number,Day of the week,Open/Close,Start time,End time,Dine-in,Takeout,Delivery,Rating,Reviews,Menu ( photo),Menu (list),Number of items,Name of Food,Price,Inside,Website
Miller Caf�,Lassonde Studios,Caf�,"Lassonde Studios, 1701 Student Life Way, Salt Lake City, UT 84112","40.764863640646084, -111.84143689743878","https://www.google.com/maps/place/Miller+Cafe/@40.7646402,-111.8459698,17z/data=!3m1!4b1!4m5!3m4!1s0x87525f931d145bb9:0x78691de5e3697c9c!8m2!3d40.7646362!4d-111.8414798",8012138700,Sunday,Open,10:00 AM,8:00:00 PM,Yes,Yes,No,3.8,"https://www.google.com/maps/place/Miller+Cafe/@40.7646402,-111.8459698,17z/data=!4m7!3m6!1s0x87525f931d145bb9:0x78691de5e3697c9c!8m2!3d40.7646362!4d-111.8414798!9m1!1b1",No photo,Grill,11,Hamburger,5.99,"An all-beef patty cooked to order with lettuce, tomato, onion and pickles on a sesame seed bun.",https://lassonde.utah.edu/studios/
,,,,,,,Monday,Open,7:00 AM,10:00 PM,,,,,,,,,Cheeseburger,6.29,"An all-beef patty cooked to order with lettuce, tomato, onion and pickles with your choice of cheese on a sesame seed bun.",
,,,,,,,Tuesday,Open,7:00 AM,10:00 PM,,,,,,,,,Philly Cheesesteak,8.59,"Thinly sliced, tender beef steak, grilled bell peppers and onions with your choice of cheese melted on top. Served on a classic hoagie roll.",
,,,,,,,Wednesday,Open,7:00 AM,10:00 PM,,,,,,,,,Chicken Tenders,7.99,Three crispy chicken tenders with our signature seasoned french fries,
,,,,,,,Thursday,Open,7:00 AM,10:00 PM,,,,,,,,,Crispy Chicken Sandwich,6.99,"Two fried chicken tenderloins with lettuce, tomato, onion and pickle on a sesame seed bun",
,,,,,,,Friday,Open,7:00 AM,10:00 PM,,,,,,,,,Garden Burger,6.49,"Fried crispy veggie patty with lettuce, tomato, onion and pickles on a sesame seed bun.",
,,,,,,,Saturday,Open,10:00 AM,8:00 PM,,,,,,,,,Beyond Meat Bruger,8.99,"100% plant-based Beyond beef patty with Chao vegan cheese, lettuce, tomato, onion and pickles on a pretzel bun",
,,,,,,,,,,,,,,,,,,,Turkey Burger,6.99,"Cooked to order with tomato, lettuce and onion and pickles on a sesame bun",
,,,,,,,,,,,,,,,,,,,Hot Dog,4.99,"All beef hotdog on a soft, fresh bun.",
,,,,,,,,,,,,,,,,,,,Lemon Chicken Sandwich,6.99,"Grilled marinated chicken breast cooked to order with lettuce, tomato, onion and pickles",
,,,,,,,,,,,,,,,,,,,Double Cheese Burger,7.79,"Two all-beef patties cooked to order with lettuce, tomato, onion and pickles with your choice of cheese on a sesame seed bun.",
,,,,,,,,,,,,,,,,,Deli,2,Build Your-Own Salad,7.99,"Select from greens, toppings and dressing to build your own salad",
,,,,,,,,,,,,,,,,,,,Build Your-Own Sandwich,7.99,"Customize with your choice of bread or wrap, meat, vegetables, cheese and condiments.",
,,,,,,,,,,,,,,,,,Melt Lab,1,Tomato Soup,2.29,,
,,,,,,,,,,,,,,,,,Smoothies,1,Smothies,5.19,16 Oz,
,,,,,,,,,,,,,,,,,Sides,1,French fries,2.99,Fried crispy and seasoned. Contains wheat.,
,,,,,,,,,,,,,,,,,Beverage,4,Aquafina,2.09,20 Oz,
,,,,,,,,,,,,,,,,,,,Pepsi,2.09,20 Oz,
,,,,,,,,,,,,,,,,,,,Mtn Dew,2.09,20 Oz,
,,,,,,,,,,,,,,,,,,,Dr Pepper,2.09,20 Oz,
,,,,,,,,,,,,,,,,,,,,,,
,,,,,,,,,,,,,,,,,,,,,,
,,,,,,,,,,,,,,,,,,,,,,
,,,,,,,,,,,,,,,,,,,,,,
,,,,,,,,,,,,,,,,,,,,,,
,,,,,,,,,,,,,,,,,,,,,,
,,,,,,,,,,,,,,,,,,,,,,
,,,,,,,,,,,,,,,,,,,,,,
