Name,Building,Type,address,Location,Google map link,Phone number,Day of the week,Open/Close,Start time,Dine-in,Takeout,Delivery,Rating,Reviews,Menu ( photo),Menu (list),Number of items,Name of Food,Price,Inside,Website
Peterson Heritage center Food Hall,Peterson Heritage Center,,"151 S Connor St, Salt Lake City, UT 84112","40.76652827345983, -111.83146718567878","https://www.google.com/maps/place/Peterson+Heritage+Center+Dining+Hall/@40.7650575,-111.8457044,16z/data=!4m9!1m2!2m1!1sFood+hall+peterson+heritage+center!3m5!1s0x87525fbfb8473ab9:0x9afa680a352f61d9!8m2!3d40.7660908!4d-111.8315277!15sCiJGb29kIGhhbGwgcGV0ZXJzb24gaGVyaXRhZ2UgY2VudGVyWiQiImZvb2QgaGFsbCBwZXRlcnNvbiBoZXJpdGFnZSBjZW50ZXKSAQpyZXN0YXVyYW504AEA",8015816347,Sunday,Closed,"[ 10:30AM - 2:30PM], [5:00 - 8PM]",Yes,No,No,3.8,"https://www.google.com/maps/place/Peterson+Heritage+Center+Dining+Hall/@40.7650575,-111.8457044,16z/data=!4m11!1m2!2m1!1sFood+hall+peterson+heritage+center!3m7!1s0x87525fbfb8473ab9:0x9afa680a352f61d9!8m2!3d40.7660908!4d-111.8315277!9m1!1b1!15sCiJGb29kIGhhbGwgcGV0ZXJzb24gaGVyaXRhZ2UgY2VudGVyWiQiImZvb2QgaGFsbCBwZXRlcnNvbiBoZXJpdGFnZSBjZW50ZXKSAQpyZXN0YXVyYW504AEA",http://places.singleplatform.com/crimson-view/menu?ref=google,Grill,3,Hamburger served with French Fries,7.99,,http://housing.utah.edu/dining
,,,,,,,Monday,Open,"[ 7:00 - 10:00AM], [11:00 AM- 2PM], [5:00 - 8:00 PM]",,,,,,,,,Cheeseburger served with French Fries,7.99,,
,,,,,,,Tuesday,Open,"[ 7:00 - 10:00AM], [11:00 AM- 2PM], [5:00 - 8:00 PM]",,,,,,,,,Philly Cheese steak served with French Fries,7.99,Thin sliced steak sandwich on a hoagie with sauteed onions and peppers topped with swiss cheese,
,,,,,,,Wednesday,Open,"[ 7:00 - 10:00AM], [11:00 AM- 2PM], [5:00 - 8:00 PM]",,,,,,,Pizza & Pasta,2,Pepperoni Pizza served with side salad,8.99,Two slices of pepperoni pizza served with a side of mix salad,
,,,,,,,Thursday,Open,"[ 7:00 - 10:00AM], [11:00 AM- 2PM], [5:00 - 8:00 PM]",,,,,,,,,Cheese Pizza served with side salad,8.49,Two slices of cheese pizza served with a side of mix salad,
,,,,,,,Friday,Closed,"[ 7:00 - 10:00AM], [11:00 AM- 2PM], [5:00 - 8:00 PM]",,,,,,,,,,,,
,,,,,,,Saturday,Closed,"[ 10:30AM - 2:30PM], [5:00 - 8PM]",,,,,,,,,,,,
,,,,,,,,,,,,,,,,,,,,,
,,,,,,,,,,,,,,,,,,,,,
,,,,,,,,,,,,,,,,,,,,,
,,,,,,,,,,,,,,,,,,,,,
,,,,,,,,,,,,,,,,,,,,,
,,,,,,,,,,,,,,,,,,,,,
,,,,,,,,,,,,,,,,,,,,,
,,,,,,,,,,,,,,,,,,,,,
,,,,,,,,,,,,,,,,,,,,,
,,,,,,,,,,,,,,,,,,,,,
,,,,,,,,,,,,,,,,,,,,,
,,,,,,,,,,,,,,,,,,,,,
,,,,,,,,,,,,,,,,,,,,,
,,,,,,,,,,,,,,,,,,,,,
,,,,,,,,,,,,,,,,,,,,,
,,,,,,,,,,,,,,,,,,,,,
,,,,,,,,,,,,,,,,,,,,,
,,,,,,,,,,,,,,,,,,,,,
