Name,Building,Type,address,Location,Google map link,Phone number,Day of the week,Open/Close,Start time,End time,Dine-in,Takeout,Delivery,Rating,Reviews,Menu ( photo),Menu (list),Number of items,Name of Food,Price,Inside,Website
Raibow Caf�,Primary Children's Hospital,American Restaurant,"School of Medicine, 30 N 1900 E, Salt Lake City, UT 84132","40.771588932118114, -111.83909932939257","https://www.google.com/maps/place/Rainbow+Cafe/@40.7711056,-111.8396105,19.5z/data=!3m1!5s0x87525f9729e7555d:0x7991a5289d210770!4m9!1m2!2m1!1srestaurant+university+of+utah!3m5!1s0x87525f90cb657f59:0x1332dc742043ff4f!8m2!3d40.7715589!4d-111.8391007!15sCh1yZXN0YXVyYW50IHVuaXZlcnNpdHkgb2YgdXRhaFofIh1yZXN0YXVyYW50IHVuaXZlcnNpdHkgb2YgdXRhaJIBE2FtZXJpY2FuX3Jlc3RhdXJhbnTgAQA",801- 662-1422,Sunday,Open,10:00 AM,4:00:00 PM,Yes,Yes,No,3.8,"https://www.google.com/maps/place/Urban+Pioneer+Cafe/@40.7686175,-111.8437695,18.5z/data=!3m1!5s0x87525f91a00a8edd:0x5e088d4e56d1df7!4m11!1m2!2m1!1srestaurant+university+of+utah!3m7!1s0x87525f4745da10fd:0x9b42cc709d27a1d3!8m2!3d40.7685244!4d-111.8425775!9m1!1b1!15sCh1yZXN0YXVyYW50IHVuaXZlcnNpdHkgb2YgdXRhaFofIh1yZXN0YXVyYW50IHVuaXZlcnNpdHkgb2YgdXRhaJIBE2FtZXJpY2FuX3Jlc3RhdXJhbnTgAQA","https://www.google.com/maps/place/Rainbow+Cafe/@40.7711056,-111.8396105,19.5z/data=!3m1!5s0x87525f9729e7555d:0x7991a5289d210770!4m11!1m2!2m1!1srestaurant+university+of+utah!3m7!1s0x87525f90cb657f59:0x1332dc742043ff4f!8m2!3d40.7715589!4d-111.8391007!9m1!1b1!15sCh1yZXN0YXVyYW50IHVuaXZlcnNpdHkgb2YgdXRhaFofIh1yZXN0YXVyYW50IHVuaXZlcnNpdHkgb2YgdXRhaJIBE2FtZXJpY2FuX3Jlc3RhdXJhbnTgAQA",,,,,,
,,,,,,,Monday,Open,9:00 AM,7:00 PM,,,,,,,,,,,,
,,,,,,,Tuesday,Open,9:00 AM,7:00 PM,,,,,,,,,,,,
,,,,,,,Wednesday,Open,9:00 AM,7:00 PM,,,,,,,,,,,,
,,,,,,,Thursday,Open,9:00 AM,7:00 PM,,,,,,,,,,,,
,,,,,,,Friday,Open,9:00 AM,7:00 PM,,,,,,,,,,,,
,,,,,,,Saturday,Open,10:00 AM,4:00 PM,,,,,,,,,,,,
,,,,,,,,,,,,,,,,,,,,,,
,,,,,,,,,,,,,,,,,,,,,,
