Name,Building,Type,address,Location,Google map link,Phone number,Day of the week,Open/Close,Start time,End time,Dine-in,Takeout,Delivery,Rating,Reviews,Menu ( photo),Menu (list),Number of items,Name of Food,Price,Inside,Website
Rooted,Carolyn and Kem Gardner Commons,Food court,"260 Central Campus Dr Information Desk, Salt Lake City, UT 84112","40.76422523082166, -111.84484435937523","https://www.google.com/maps/place/Carolyn+and+Kem+Gardner+Commons/@40.7640261,-111.8470169,17z/data=!3m1!4b1!4m5!3m4!1s0x87525fcc5d1de511:0xdaec55ce64e8960b!8m2!3d40.7640221!4d-111.8448229",No number,Sunday,Closed,,,Yes,Yes,No,No rating,No reviews,No photo,Mains,5,Vegan Chicken Tenders $ Side,7.79,3 pieces vegan tenders with choice of side,No website
,,,,,,,Monday,Open,10:30 AM,2:15 PM,,,,,,,,,Vegan Crispy Sandwich,7.49,"Vegan chicken topped with lettuce, onion and tomato on a regular or gluten-free bun",
,,,,,,,Tuesday,Open,10:30 AM,2:15 PM,,,,,,,,,Black Bean Burger,7.99,"Housemade black bean and brown rice burger with spinach, onion & roasted red peppers on a regular or gluten-free bun",
,,,,,,,Wednesday,Open,10:30 AM,2:15 PM,,,,,,,,,Banh Mi,7.99,"Pickled radish and carrots, shaved cucumber, sliced jalapeno, green onion, chopped romaine, Asian fried tofu, sriracha aioli on a hoagie roll",
,,,,,,,Thursday,Open,10:30 AM,2:15 PM,,,,,,,,,Smashed Wrap,7.99,"Smashed chickpeas, aquafaba, minced celery, minced red onion, roasted peppers, and spinach on a wrap. Pressed warm or served cold.",
,,,,,,,Friday,Open,10:30 AM,2:15 PM,,,,,,,Weekly Rotating menu,1,Build Your-Own Bowl (Week 1),7.99,"Build a bowl with your choice of grain, protein, vegetables, toppings and sauce.",
,,,,,,,Saturday,Closed,,,,,,,,,Sides,4,Fries,2.59,,
,,,,,,,,,,,,,,,,,,,Mac & Cheese,2.59,A firm pasta generously coated in our signature creamy cheese sauce.,
,,,,,,,,,,,,,,,,,,,Chips,2.59,,
,,,,,,,,,,,,,,,,,,,Cut Fruit,2.59,"Seasonal, fresh cut fruit",
,,,,,,,,,,,,,,,,,Beverages,4,Aquafina,2.09,20 Oz,
,,,,,,,,,,,,,,,,,,,Pepsi,2.59,20 Oz,
,,,,,,,,,,,,,,,,,,,Mtn Dew,2.59,,
,,,,,,,,,,,,,,,,,,,Dr Pepper,2.09,20 Oz,
