Name,Building,Type,address,Location,Google map link,Phone number,Day of the week,Open/Close,Start time,End time,Dine-in,Takeout,Delivery,Rating,Reviews,Menu ( photo),Menu (list),Number of items,Name of Food,Price,Inside,Website
Sono,Union,No type,"200 S, Central Campus Dr, Salt Lake City, UT 84112","40.76518301359109, -111.84614671278007","https://www.google.com/maps/place/A.+Ray+Olpin+Student+Union/@40.7649677,-111.8506367,17z/data=!3m1!4b1!4m5!3m4!1s0x87525f8d83aa5531:0xdb3441428b191c9e!8m2!3d40.7649637!4d-111.8461467",No number,Sunday,Closed,,,Yes,Yes,No,No rating,No reviews,No photo,Build  Your Own,5,Two Tacos,8.89,"Two tacos with your choice of tortilla, protein and toppings server",No website
,,,,,,,Monday,Open,10:30 AM,2:15 PM,,,,,,,,,Burrito,9.09,"Your choice of protein and toppings, rolled in a fresh tortilla",
,,,,,,,Tuesday,Open,10:30 AM,2:15 PM,,,,,,,,,Nachos,9.99,"Loaded nachos with corn tortilla chips, your choice of protein and topping server",
,,,,,,,Wednesday,Open,10:30 AM,2:15 PM,,,,,,,,,Quesadilla,6.89,Grilled tortilla stuffed with cheddar cheese and choice of protein,
,,,,,,,Thursday,Open,10:30 AM,2:15 PM,,,,,,,,,Rice & beans platter,4.09,Rice and beans with your choice of toppings,
,,,,,,,Friday,Open,10:30 AM,2:15 PM,,,,,,,Sides,4,Rice and beans,2.99,,
,,,,,,,Saturday,Closed,,,,,,,,,,,Side Black Beans,1.59,,
,,,,,,,,,,,,,,,,,,,Side Pinto Beans,1.59,,
,,,,,,,,,,,,,,,,,,,Side Rice,1.59,,
,,,,,,,,,,,,,,,,,Beverages,7,Aquafina,2.09,20 Oz,
,,,,,,,,,,,,,,,,,,,Pepsi,2.09,20 Oz,
,,,,,,,,,,,,,,,,,,,Coke,2.09,20 Oz,
,,,,,,,,,,,,,,,,,,,Dr Pepper,2.09,20 Oz,
,,,,,,,,,,,,,,,,,,,Mtn Dew,2.09,20 Oz,
,,,,,,,,,,,,,,,,,,,Propel water,1.99,,
,,,,,,,,,,,,,,,,,,,Fountain Drink,1.49,,
