Name,Building,Type,address,Location,Google map link,Phone number,Day of the week,Open/Close,Start time,End time,Dine-in,Takeout,Delivery,Rating,Reviews,Menu ( photo),Menu (list),Number of items,Name of Food,Price,Inside,Website
Taqueria,Kahlert,Caf�,"265 1850 E, Salt Lake City, UT 84112","40.763476728446804, -111.83776638821067","https://www.google.com/maps/place/Kahlert+Village/@40.7633101,-111.8399282,17z/data=!3m1!4b1!4m5!3m4!1s0x87525f1c4f3a1ebd:0x89477a3e7130c95e!8m2!3d40.7633061!4d-111.8377342",8015851264,Sunday,Closed,,,Yes,Yes,No,No rating,No reviews,No photo,Taqueria,3,Tacos,7.99,2 tacos with your choice of protein in a corn tortilla,No website
,,,,,,,Monday,Open,11:00 AM,1:45 PM,,,,,,,,,Quesadilla,7.99,,
,,,,,,,Tuesday,Open,11:00 AM,1:45 PM,,,,,,,,,Burrito,7.99,Your choice of protein wrapped in a flour tortilla with beans and rice,
,,,,,,,Wednesday,Open,11:00 AM,1:45 PM,,,,,,,,,,,,
,,,,,,,Thursday,Open,11:00 AM,1:45 PM,,,,,,,,,,,,
,,,,,,,Friday,Open,11:00 AM,1:45 PM,,,,,,,,,,,,
,,,,,,,Saturday,Closed,,,,,,,,,,,,,,
,,,,,,,,,,,,,,,,,,,,,,
,,,,,,,,,,,,,,,,,,,,,,
,,,,,,,,,,,,,,,,,,,,,,
,,,,,,,,,,,,,,,,,,,,,,
,,,,,,,,,,,,,,,,,,,,,,
,,,,,,,,,,,,,,,,,,,,,,
