Name,Building,Type,address,Location,Google map link,Phone number,Day of the week,Open/Close,Start time,End time,Dine-in,Takeout,Delivery,Rating,Reviews,Menu ( photo),Menu (list),Number of items,Name of Food,Price,Inside,Website
The Point Restaurant,Department of Dermatology,Grill,"2000 Cir of Hope Dr, Salt Lake City, UT 84112","40.772390699317455, -111.83474880955352","https://www.google.com/maps/place/The+Point+Restaurant/@40.7721503,-111.8360582,18.75z/data=!3m1!5s0x87525f97bf63c145:0xaca881f2dccabf18!4m9!1m2!2m1!1srestaurant+university+of+utah!3m5!1s0x87525f97c0e46b09:0x4491462017de184f!8m2!3d40.7723274!4d-111.834732!15sCh1yZXN0YXVyYW50IHVuaXZlcnNpdHkgb2YgdXRhaFofIh1yZXN0YXVyYW50IHVuaXZlcnNpdHkgb2YgdXRhaJIBBmFzYWRvcuABAA",801-585-0616,Sunday,Closed,,,Yes,Yes,No,4.3,"https://www.google.com/maps/place/The+Point+Restaurant/@40.7721503,-111.8360582,18.75z/data=!3m1!5s0x87525f97bf63c145:0xaca881f2dccabf18!4m11!1m2!2m1!1srestaurant+university+of+utah!3m7!1s0x87525f97c0e46b09:0x4491462017de184f!8m2!3d40.7723274!4d-111.834732!9m1!1b1!15sCh1yZXN0YXVyYW50IHVuaXZlcnNpdHkgb2YgdXRhaFofIh1yZXN0YXVyYW50IHVuaXZlcnNpdHkgb2YgdXRhaJIBBmFzYWRvcuABAA",https://healthcare.utah.edu/huntsmancancerinstitute/patient-services/pdfs/the-point-menu.pdf,Sandwiches,18,Full deli sandwich,6.49,,No website
,,,,,,,Monday,Open,8:00 AM,2:00 PM,,,,,,,,,Half deli sandwich,4.99,,
,,,,,,,Tuesday,Open,8:00 AM,2:00 PM,,,,,,,,,Deli wrap,6.49,,
,,,,,,,Wednesday,Open,8:00 AM,2:00 PM,,,,,,,,,Hamburger,5.99,,
,,,,,,,Thursday,Open,8:00 AM,2:00 PM,,,,,,,,,Cheeseburger,6.25,,
,,,,,,,Friday,Open,8:00 AM,2:00 PM,,,,,,,,,Bacon Burger,6.75,,
,,,,,,,Saturday,Closed,,,,,,,,,,,BLT,5.49,,
,,,,,,,,,,,,,,,,,,,Grilled Cheese,4.99,,
,,,,,,,,,,,,,,,,,,,Grilled Ham and Cheese,5.49,,
,,,,,,,,,,,,,,,,,,,Grilled Chicken,6.49,,
,,,,,,,,,,,,,,,,,,,Malibu Chicken,6.75,,
,,,,,,,,,,,,,,,,,,,Steak,7.75,,
,,,,,,,,,,,,,,,,,,,Reuben,6.49,,
,,,,,,,,,,,,,,,,,,,Tuna Melt,6.49,,
,,,,,,,,,,,,,,,,,,,Burger Special,6.75,,
,,,,,,,,,,,,,,,,,,,Half Sandwich and Soup Combo,6.99,,
,,,,,,,,,,,,,,,,,,,"Mozzarella, Tomato, Basil",6.49,,
,,,,,,,,,,,,,,,,,,,Garden Burger,5.99,,
,,,,,,,,,,,,,,,,,Southwest station,5,Burrito plate,6.99,,
,,,,,,,,,,,,,,,,,,,Southwest plate,6.99,,
,,,,,,,,,,,,,,,,,,,Taco salad,8.99,,
,,,,,,,,,,,,,,,,,,,Quesadilla plate,6.99,,
,,,,,,,,,,,,,,,,,,,Cheese Quesadilla,4.99,,
