Name,Building,Type,address,Location,Google map link,Phone number,Day of the week,Open/Close,Start time,End time,Dine-in,Takeout,Delivery,Rating,Reviews,Menu ( photo),Menu (list),Number of items,Name of Food,Price,Inside,Website
The Game,Kahlert Village,No Type,"265 1850 E, Salt Lake City, UT 84112","40.76355798982572, -111.83775565937533","https://www.google.com/maps/place/Kahlert+Village/@40.7633101,-111.8399282,17z/data=!3m1!4b1!4m5!3m4!1s0x87525f1c4f3a1ebd:0x89477a3e7130c95e!8m2!3d40.7633061!4d-111.8377342",No number,Sunday,Closed,,,Yes,No,No,No Rating,No reviews,No photo,Full Menu,2,French fries,5.99,,No website
,,,,,,,Monday,Open,10:30 AM,7:45 PM,,,,,,,,,Veggie Burger with French Fries,7.49,,
,,,,,,,Tuesday,Open,10:30 AM,7:45 PM,,,,,,,,,,,,
,,,,,,,Wednesday,Open,10:30 AM,7:45 PM,,,,,,,,,,,,
,,,,,,,Thursday,Open,10:30 AM,7:45 PM,,,,,,,,,,,,
,,,,,,,Friday,Open,10:30 AM,7:45 PM,,,,,,,,,,,,
,,,,,,,Saturday,Closed,,,,,,,,,,,,,,
,,,,,,,,,,,,,,,,,,,,,,
,,,,,,,,,,,,,,,,,,,,,,
,,,,,,,,,,,,,,,,,,,,,,
,,,,,,,,,,,,,,,,,,,,,,
,,,,,,,,,,,,,,,,,,,,,,
,,,,,,,,,,,,,,,,,,,,,,
,,,,,,,,,,,,,,,,,,,,,,
,,,,,,,,,,,,,,,,,,,,,,
,,,,,,,,,,,,,,,,,,,,,,
,,,,,,,,,,,,,,,,,,,,,,
,,,,,,,,,,,,,,,,,,,,,,
,,,,,,,,,,,,,,,,,,,,,,
,,,,,,,,,,,,,,,,,,,,,,
,,,,,,,,,,,,,,,,,,,,,,
,,,,,,,,,,,,,,,,,,,,,,
,,,,,,,,,,,,,,,,,,,,,,
,,,,,,,,,,,,,,,,,,,,,,
,,,,,,,,,,,,,,,,,,,,,,
,,,,,,,,,,,,,,,,,,,,,,
,,,,,,,,,,,,,,,,,,,,,,
,,,,,,,,,,,,,,,,,,,,,,
