Name,Building,Type,address,Location,Google map link,Phone number,Day of the week,Open/Close,Start time,End time,Dine-in,Takeout,Delivery,Rating,Reviews,Menu ( photo),Menu (list),Number of items,Name of Food,Price,Inside,Website
Urban Pioneer Caf�,Sorenson Molecular Biotechnology,American Restaurant,"35 S Wasatch Dr, Salt Lake City, UT 84112","40.76858734802494, -111.84256899626783","https://www.google.com/maps/place/Urban+Pioneer+Cafe/@40.7686175,-111.8437695,18.5z/data=!3m1!5s0x87525f91a00a8edd:0x5e088d4e56d1df7!4m9!1m2!2m1!1srestaurant+university+of+utah!3m5!1s0x87525f4745da10fd:0x9b42cc709d27a1d3!8m2!3d40.7685244!4d-111.8425775!15sCh1yZXN0YXVyYW50IHVuaXZlcnNpdHkgb2YgdXRhaFofIh1yZXN0YXVyYW50IHVuaXZlcnNpdHkgb2YgdXRhaJIBE2FtZXJpY2FuX3Jlc3RhdXJhbnTgAQA",801-598-7702,Sunday,Closed,,,Yes,Yes,No,5,"https://www.google.com/maps/place/Urban+Pioneer+Cafe/@40.7686175,-111.8437695,18.5z/data=!3m1!5s0x87525f91a00a8edd:0x5e088d4e56d1df7!4m11!1m2!2m1!1srestaurant+university+of+utah!3m7!1s0x87525f4745da10fd:0x9b42cc709d27a1d3!8m2!3d40.7685244!4d-111.8425775!9m1!1b1!15sCh1yZXN0YXVyYW50IHVuaXZlcnNpdHkgb2YgdXRhaFofIh1yZXN0YXVyYW50IHVuaXZlcnNpdHkgb2YgdXRhaJIBE2FtZXJpY2FuX3Jlc3RhdXJhbnTgAQA","https://www.google.com/maps/place/Bistro+at+England+Hub/@40.7689762,-111.8342832,19.5z/data=!3m1!5s0x87525f95e4904f43:0x3fdd74e7a115025f!4m11!1m2!2m1!1srestaurant+university+of+utah!3m7!1s0x87525f95f034528b:0x6cef812d117ca6ed!8m2!3d40.7689997!4d-111.8336481!9m1!1b1!15sCh1yZXN0YXVyYW50IHVuaXZlcnNpdHkgb2YgdXRhaFofIh1yZXN0YXVyYW50IHVuaXZlcnNpdHkgb2YgdXRhaJIBBmJpc3Ryb5oBJENoZERTVWhOTUc5blMwVkpRMEZuU1VNMmRrbEhkMmhCUlJBQuABAA",Salads,4,Beet & Spinach Salad (veg),11,"Roasted golden beets, pickled red onion, goat cheese, smoked almonds, quinoa over baby spinach and romaine with house basil-balsamic dressing",https://www.bme.utah.edu/2022/03/24/urban-pioneer-cafe-opens-in-smbb/
,,,,,,,Monday,Open,11:00 AM,3:00 PM,,,,,,,,,Tortellini Caesar,10,"Cheese tortellini, roasted red peppers, asparagus, parmesan, garlic croutons over baby spinach and romaine with house Caesar dressing",
,,,,,,,Tuesday,Open,11:00 AM,3:00 PM,,,,,,,,,Mediterranean Falafel (veg),12,"Falafel, cherry tomatoes, cucumber, pickled red onion, Feta, babaganoush, fried pita chips over baby spinach and romaine with tahini-sumac-citrus dressing",
,,,,,,,Wednesday,Open,11:00 AM,3:00 PM,,,,,,,,,Pioneer House Salad (veg),5 & 8,"Romaine, spinach, cherry tomato, grated carrot, cucumber, pickled red onion, sunflower seeds",
,,,,,,,Thursday,Open,11:00 AM,3:00 PM,,,,,,,Sandiwiches,5,Bahn Mi Dip ,13,"Beef pot roast, havarti cheese, pickled vegetables, hoisin aioli on grilled French roll with spiced au jus",
,,,,,,,Friday,Open,11:00 AM,3:00 PM,,,,,,,,,Veggie Steamed Buns (Veg),10,"Local mushrooms, spinach, roasted red peppers, asparagus, Pickled Veggie, cilantro-pumpkin seed pesto",
,,,,,,,Saturday,Closed,,,,,,,,,,,Chicken Bacon Avocado,11,"Roasted chicken breast, bacon, ham, avocado, Boar's Head American cheese, lettuce, tomato, pickled red onion, honey mustard aioli, Country Bread",
,,,,,,,,,,,,,,,,,,,Chickpea-Vegetable Coconut Curry (Vegan),12,"served with jasmine rice, flatbread and tahini-lemon mixed greens",
,,,,,,,,,,,,,,,,,,,Rolls (meat or vegetable),13,"served with basii-balsamic mixed greens, grilled bread",
,,,,,,,,,,,,,,,,,,,,,,
,,,,,,,,,,,,,,,,,,,,,,
,,,,,,,,,,,,,,,,,,,,,,
,,,,,,,,,,,,,,,,,,,,,,
,,,,,,,,,,,,,,,,,,,,,,
,,,,,,,,,,,,,,,,,,,,,,
,,,,,,,,,,,,,,,,,,,,,,
,,,,,,,,,,,,,,,,,,,,,,
,,,,,,,,,,,,,,,,,,,,,,
,,,,,,,,,,,,,,,,,,,,,,
,,,,,,,,,,,,,,,,,,,,,,
,,,,,,,,,,,,,,,,,,,,,,
,,,,,,,,,,,,,,,,,,,,,,
,,,,,,,,,,,,,,,,,,,,,,
,,,,,,,,,,,,,,,,,,,,,,
,,,,,,,,,,,,,,,,,,,,,,
