[
  {
    "Name": "Panda Express",
    "Building": "Union",
    "Type": "Chinese",
    "address": "200 S Central Campus Dr Salt Lake City UT 84112",
    "Location": "40.76546936141911, -111.84611412181899",
    "Google map link": "Panda Express - Google Maps",
    "Phone number": 8015853319,
    "Sunday": "Closed",
    "Monday": "10:00 AM - 6:00 PM",
    "Tuesday": "10:00 AM - 6:00 PM",
    "Wednesday": "10:00 AM - 6:00 PM",
    "Thursday": "10:00 AM - 6:00 PM",
    "Friday": "10:00 AM - 5:00 PM",
    "Saturday": "Closed",
    "Dine-in": "Yes",
    "Takeout": "Yes",
    "Delivery": "No",
    "Rating": 3.6,
    "Reviews": "https://www.google.com/maps/place/Panda+Express/@40.7650188,-111.8548664,16z/data=!4m11!1m2!2m1!1srestaurants+panda!3m7!1s0x87525f8d83ab008f:0x7e8eb2f3d7657a17!8m2!3d40.7650188!4d-111.8461117!9m1!1b1!15sChFyZXN0YXVyYW50cyBwYW5kYVoTIhFyZXN0YXVyYW50cyBwYW5kYZIBEmNoaW5lc2VfcmVzdGF1cmFudOABAA",
    "Menu ( photo)": "https://www.pandaexpress.com/menu/entrees",
    "Website": "Order Panda Express | A Fast Casual Chinese Restaurant | Panda Express Chinese Restaurant",
    "Social Media": ""
  },
  {
    "Name": "Panda Express 2",
    "Building": "Union",
    "Type": "Chinese",
    "address": "200 S Central Campus Dr Salt Lake City UT 84112",
    "Location": "40.76546936141911, -111.84611412181899",
    "Google map link": "Panda Express - Google Maps",
    "Phone number": 8015853319,
    "Sunday": "Closed",
    "Monday": "10:00 AM - 6:00 PM",
    "Tuesday": "10:00 AM - 6:00 PM",
    "Wednesday": "10:00 AM - 6:00 PM",
    "Thursday": "10:00 AM - 6:00 PM",
    "Friday": "10:00 AM - 5:00 PM",
    "Saturday": "Closed",
    "Dine-in": "Yes",
    "Takeout": "Yes",
    "Delivery": "No",
    "Rating": 3.6,
    "Reviews": "https://www.google.com/maps/place/Panda+Express/@40.7650188,-111.8548664,16z/data=!4m11!1m2!2m1!1srestaurants+panda!3m7!1s0x87525f8d83ab008f:0x7e8eb2f3d7657a17!8m2!3d40.7650188!4d-111.8461117!9m1!1b1!15sChFyZXN0YXVyYW50cyBwYW5kYVoTIhFyZXN0YXVyYW50cyBwYW5kYZIBEmNoaW5lc2VfcmVzdGF1cmFudOABAA",
    "Menu ( photo)": "https://www.pandaexpress.com/menu/entrees",
    "Website": "Order Panda Express | A Fast Casual Chinese Restaurant | Panda Express Chinese Restaurant",
    "Social Media": ""
  },
  {
    "Name": "Panda Express 3",
    "Building": "Union",
    "Type": "Chinese",
    "address": "200 S Central Campus Dr Salt Lake City UT 84112",
    "Location": "40.76546936141911, -111.84611412181899",
    "Google map link": "Panda Express - Google Maps",
    "Phone number": 8015853319,
    "Sunday": "Closed",
    "Monday": "10:00 AM - 6:00 PM",
    "Tuesday": "10:00 AM - 6:00 PM",
    "Wednesday": "10:00 AM - 6:00 PM",
    "Thursday": "10:00 AM - 6:00 PM",
    "Friday": "10:00 AM - 5:00 PM",
    "Saturday": "Closed",
    "Dine-in": "Yes",
    "Takeout": "Yes",
    "Delivery": "No",
    "Rating": 3.6,
    "Reviews": "https://www.google.com/maps/place/Panda+Express/@40.7650188,-111.8548664,16z/data=!4m11!1m2!2m1!1srestaurants+panda!3m7!1s0x87525f8d83ab008f:0x7e8eb2f3d7657a17!8m2!3d40.7650188!4d-111.8461117!9m1!1b1!15sChFyZXN0YXVyYW50cyBwYW5kYVoTIhFyZXN0YXVyYW50cyBwYW5kYZIBEmNoaW5lc2VfcmVzdGF1cmFudOABAA",
    "Menu ( photo)": "https://www.pandaexpress.com/menu/entrees",
    "Website": "Order Panda Express | A Fast Casual Chinese Restaurant | Panda Express Chinese Restaurant",
    "Social Media": ""
  }
]